"Tube.Number","Wetland","Site","Core","Depth","hours.elapsed","Flow.Rate..ml..hr.","FTR_volume","pH","EC","Sulfate_txmt","Final_sulfate_conc_inf","Final_sulfate_conc_eff","Avg_sulfate_conc_in_FTR","SRR","Units_SRR","FeII_conc_fianl_M","FeII_release_rate","FeII_release_rate_units","X","Taken.for.SS.Analysis"
791,"Slope","C",1,"Shallow",78,1.7105,27.71,5.88,NA,"0_mM",NA,NA,0,0,"nmol_sulfate_hr-1_cm-3",0,0,"nmol_hr-1_cm-3",NA,"Y"
803,"Slope","C",1,"Shallow",90,1.731666667,27.71,NA,NA,"0_mM",NA,NA,0,0,"nmol_sulfate_hr-1_cm-3",0,0,"nmol_hr-1_cm-3",NA,"Y"
815,"Slope","C",1,"Shallow",102,1.7005,27.71,6.23,NA,"0_mM",NA,NA,0,0,"nmol_sulfate_hr-1_cm-3",0,0,"nmol_hr-1_cm-3",NA,"Y"
827,"Slope","C",1,"Shallow",114,1.7205,27.71,NA,NA,"0_mM",NA,NA,0,0,"nmol_sulfate_hr-1_cm-3",0,0,"nmol_hr-1_cm-3",NA,"Y"
839,"Slope","C",1,"Shallow",126,1.734666667,27.71,5.87,NA,"0_mM",NA,NA,0,0,"nmol_sulfate_hr-1_cm-3",0,0,"nmol_hr-1_cm-3",NA,"Y"
851,"Slope","C",1,"Shallow",138,1.723833333,27.71,NA,NA,"0_mM",NA,NA,0,0,"nmol_sulfate_hr-1_cm-3",0,0,"nmol_hr-1_cm-3",NA,"Y"
863,"Slope","C",1,"Shallow",150,1.725,27.71,6.17,NA,"0_mM",NA,NA,0,0,"nmol_sulfate_hr-1_cm-3",0,0,"nmol_hr-1_cm-3",NA,"Y"
875,"Slope","C",1,"Shallow",162,1.748166667,27.71,NA,NA,"0_mM",NA,NA,0,0,"nmol_sulfate_hr-1_cm-3",0,0,"nmol_hr-1_cm-3",NA,"Y"
887,"Slope","C",1,"Shallow",174,1.611666667,27.71,6.34,NA,"0_mM",NA,NA,0,0,"nmol_sulfate_hr-1_cm-3",0,0,"nmol_hr-1_cm-3",NA,"Y"
899,"Slope","C",1,"Shallow",186,1.893,27.71,NA,NA,"0_mM",NA,NA,0,0,"nmol_sulfate_hr-1_cm-3",0,0,"nmol_hr-1_cm-3",NA,"Y"
911,"Slope","C",1,"Shallow",198,1.8615,27.71,6.28,NA,"0_mM",NA,NA,0,0,"nmol_sulfate_hr-1_cm-3",0,0,"nmol_hr-1_cm-3",NA,"Y"
923,"Slope","C",1,"Shallow",210,1.892666667,27.71,NA,NA,"0_mM",NA,NA,0,0,"nmol_sulfate_hr-1_cm-3",0,0,"nmol_hr-1_cm-3",NA,"Y"
1007,"Slope","C",1,"Shallow",294,1.833666667,27.71,5.92,NA,"0.05_mM",0.047460817,0.043866422,0.04566362,0.237853613,"nmol_sulfate_hr-1_cm-3",0,0,"nmol_hr-1_cm-3",NA,"Y"
1019,"Slope","C",1,"Shallow",306,1.864166667,27.71,NA,NA,"0.05_mM",0.047460817,0.039581794,0.043521306,0.530054564,"nmol_sulfate_hr-1_cm-3",0,0,"nmol_hr-1_cm-3",NA,"Y"
1031,"Slope","C",1,"Shallow",318,1.838333333,27.71,6.31,NA,"0.05_mM",0.047460817,0.034361078,0.040910947,0.869061287,"nmol_sulfate_hr-1_cm-3",0,0,"nmol_hr-1_cm-3",NA,"Y"
1043,"Slope","C",1,"Shallow",330,1.891333333,27.71,NA,NA,"0.05_mM",0.047460817,0.034889477,0.041175147,0.858051047,"nmol_sulfate_hr-1_cm-3",0,0,"nmol_hr-1_cm-3",NA,"Y"
1079,"Slope","C",1,"Shallow",366,1.838666667,27.71,6.73,NA,"0.15_mM",0.144508838,0.124534045,0.134521442,1.325405472,"nmol_sulfate_hr-1_cm-3",0,0,"nmol_hr-1_cm-3",NA,"Y"
1091,"Slope","C",1,"Shallow",378,1.852333333,27.71,NA,NA,"0.15_mM",0.144508838,0.124934436,0.134721637,1.308492143,"nmol_sulfate_hr-1_cm-3",0,0,"nmol_hr-1_cm-3",NA,"Y"
1103,"Slope","C",1,"Shallow",390,1.808166667,27.71,6.75,NA,"0.15_mM",0.144508838,0.122457018,0.133482928,1.438952211,"nmol_sulfate_hr-1_cm-3",0,0,"nmol_hr-1_cm-3",NA,"Y"
1115,"Slope","C",1,"Shallow",402,1.863333333,27.71,NA,NA,"0.15_mM",0.144508838,0.124884387,0.134696613,1.319628054,"nmol_sulfate_hr-1_cm-3",0,0,"nmol_hr-1_cm-3",NA,"Y"
1127,"Slope","C",1,"Shallow",414,1.8315,27.71,6.77,NA,"0.15_mM",0.144508838,0.135619865,0.140064351,0.587519093,"nmol_sulfate_hr-1_cm-3",0,0,"nmol_hr-1_cm-3",NA,"Y"
1139,"Slope","C",1,"Shallow",426,1.874833333,27.71,NA,NA,"0.15_mM",0.144508838,0.132867178,0.138688008,0.787664075,"nmol_sulfate_hr-1_cm-3",0,0,"nmol_hr-1_cm-3",NA,"Y"
1151,"Slope","C",1,"Shallow",438,1.830333333,27.71,6.65,NA,"0.15_mM",0.144508838,0.133956371,0.139232605,0.697023877,"nmol_sulfate_hr-1_cm-3",0,0,"nmol_hr-1_cm-3",NA,"Y"
1163,"Slope","C",1,"Shallow",450,1.853666667,27.71,NA,NA,"0.15_mM",0.144508838,0.134086557,0.139297698,0.697200796,"nmol_sulfate_hr-1_cm-3",0,0,"nmol_hr-1_cm-3",NA,"Y"
1175,"Slope","C",1,"Shallow",462,1.8255,27.71,7.099,212,"0.15_mM",0.144508838,0.135909164,0.140209001,0.566535726,"nmol_sulfate_hr-1_cm-3",0,0,"nmol_hr-1_cm-3",NA,"Y"
1187,"Slope","C",1,"Shallow",474,1.855333333,27.71,NA,NA,"0.15_mM",0.144508838,0.123281105,0.133894971,1.421310772,"nmol_sulfate_hr-1_cm-3",0,0,"nmol_hr-1_cm-3",NA,"Y"
1235,"Slope","C",1,"Shallow",522,1.854,27.71,NA,NA,"0.25_mM",0.242559649,0.216410675,0.229485162,1.749556045,"nmol_sulfate_hr-1_cm-3",4.37e-05,2.924907575,"nmol_hr-1_cm-3",NA,"Y"
1247,"Slope","C",1,"Shallow",534,1.810166667,27.71,7.336,274,"0.25_mM",0.242559649,0.198610382,0.220585016,2.871003136,"nmol_sulfate_hr-1_cm-3",4.88e-05,3.186563252,"nmol_hr-1_cm-3",NA,"Y"
1259,"Slope","C",1,"Shallow",546,1.8455,27.71,NA,NA,"0.25_mM",0.242559649,0.188364865,0.215462257,3.609399951,"nmol_sulfate_hr-1_cm-3",8.07e-05,5.373830738,"nmol_hr-1_cm-3",NA,"Y"
1271,"Slope","C",1,"Shallow",558,1.798833333,27.71,7.272,356,"0.25_mM",0.242559649,0.206475628,0.224517638,2.342444592,"nmol_sulfate_hr-1_cm-3",1.82e-05,1.183312965,"nmol_hr-1_cm-3",NA,"Y"
1283,"Slope","C",1,"Shallow",570,1.835166667,27.71,NA,NA,"0.25_mM",0.242559649,0.200447331,0.22150349,2.788997526,"nmol_sulfate_hr-1_cm-3",6.33e-05,4.19534078,"nmol_hr-1_cm-3",NA,"Y"
1295,"Slope","C",1,"Shallow",582,1.836333333,27.71,7.418,314,"0.25_mM",0.242559649,0.208804154,0.225681902,2.236966417,"nmol_sulfate_hr-1_cm-3",0.000117903,7.813366328,"nmol_hr-1_cm-3",NA,"Y"
1307,"Slope","C",1,"Shallow",594,1.858166667,27.71,NA,NA,"0.25_mM",0.242559649,0.201352869,0.221956259,2.763228581,"nmol_sulfate_hr-1_cm-3",0.000128895,8.643385234,"nmol_hr-1_cm-3",NA,"Y"
1319,"Slope","C",1,"Shallow",606,1.8225,27.71,7.246,272,"0.25_mM",0.242559649,0.217819847,0.230189748,1.627148626,"nmol_sulfate_hr-1_cm-3",0.000152296,10.01656266,"nmol_hr-1_cm-3",NA,"Y"
1331,"Slope","C",1,"Shallow",618,1.847166667,27.71,NA,NA,"0.25_mM",0.242559649,0.198377342,0.220468495,2.945221385,"nmol_sulfate_hr-1_cm-3",0.000181789,12.11815796,"nmol_hr-1_cm-3",NA,"Y"
1367,"Slope","C",1,"Shallow",654,1.814166667,27.71,7.374,298,"0.50_mM",0.496566745,0.451155426,0.473861085,2.973067522,"nmol_sulfate_hr-1_cm-3",0.000177408,11.6148327,"nmol_hr-1_cm-3",NA,"Y"
1379,"Slope","C",1,"Shallow",666,1.844,27.71,NA,NA,"0.50_mM",0.496566745,0.454982691,0.475774718,2.76726798,"nmol_sulfate_hr-1_cm-3",0.000252829,16.82485535,"nmol_hr-1_cm-3",NA,"Y"
1391,"Slope","C",1,"Shallow",678,1.812666667,27.71,7.517,306,"0.50_mM",0.496566745,0.464708568,0.480637656,2.084022189,"nmol_sulfate_hr-1_cm-3",0.00027451,17.95723382,"nmol_hr-1_cm-3",NA,"Y"
1403,"Slope","C",1,"Shallow",690,1.850833333,27.71,NA,NA,"0.50_mM",0.496566745,0.461239299,0.478903022,2.359625181,"nmol_sulfate_hr-1_cm-3",0.000341602,22.81664244,"nmol_hr-1_cm-3",NA,"Y"
1415,"Slope","C",1,"Shallow",702,1.795333333,27.71,NA,NA,"0.50_mM",0.496566745,0.45398021,0.475273477,2.759185332,"nmol_sulfate_hr-1_cm-3",0.000313781,20.32989,"nmol_hr-1_cm-3",NA,"Y"
1427,"Slope","C",1,"Shallow",714,1.852833333,27.71,NA,NA,"0.50_mM",0.496566745,0.452710115,0.47463843,2.932480174,"nmol_sulfate_hr-1_cm-3",0.000342696,22.91440189,"nmol_hr-1_cm-3",NA,"Y"
1439,"Slope","C",1,"Shallow",726,1.832833333,27.71,7.423,485,"0.50_mM",0.496566745,0.463886951,0.480226848,2.161552355,"nmol_sulfate_hr-1_cm-3",0.00052272,34.57447811,"nmol_hr-1_cm-3",NA,"Y"
1487,"Slope","C",1,"Shallow",774,1.832333333,27.71,7.837,432,"0.75_mM",0.747382349,0.673038249,0.710210299,4.916029305,"nmol_sulfate_hr-1_cm-3",0.000463773,30.66715483,"nmol_hr-1_cm-3",NA,"Y"
1511,"Slope","C",1,"Shallow",798,1.821,27.71,7.888,481,"0.75_mM",0.747382349,0.696764537,0.722073443,3.326417717,"nmol_sulfate_hr-1_cm-3",0.000582503,38.2799816,"nmol_hr-1_cm-3",NA,"Y"
1523,"Slope","C",1,"Shallow",810,1.862166667,27.71,NA,NA,"0.75_mM",0.747382349,0.653482498,0.700432423,6.310255205,"nmol_sulfate_hr-1_cm-3",0.000551367,37.05297539,"nmol_hr-1_cm-3",NA,"Y"
1535,"Slope","C",1,"Shallow",822,1.816833333,27.71,7.633,426,"0.75_mM",0.747382349,0.69742572,0.722404034,3.275455379,"nmol_sulfate_hr-1_cm-3",0.000579982,38.02710386,"nmol_hr-1_cm-3",NA,"Y"
1547,"Slope","C",1,"Shallow",834,1.870666667,27.71,NA,NA,"0.75_mM",0.747382349,0.669071152,0.708226751,5.286688711,"nmol_sulfate_hr-1_cm-3",0.000574089,38.75601683,"nmol_hr-1_cm-3",NA,"Y"
1559,"Slope","C",1,"Shallow",846,1.8325,27.71,7.434,875,"0.75_mM",0.747382349,0.684608947,0.715995648,4.15129047,"nmol_sulfate_hr-1_cm-3",0.000595547,39.38433798,"nmol_hr-1_cm-3",NA,"Y"
1571,"Slope","C",1,"Shallow",858,1.857333333,27.71,NA,NA,"0.75_mM",0.747382349,0.695747333,0.721564841,3.46096846,"nmol_sulfate_hr-1_cm-3",0.00062423,41.84057877,"nmol_hr-1_cm-3",NA,"Y"
787,"Depressional","A",7,"Shallow",78,2.115666667,27.71,5.84,NA,"0_mM",NA,NA,0,0,"nmol_sulfate_hr-1_cm-3",0.001242294,94.84954637,"nmol_hr-1_cm-3",NA,"Y"
799,"Depressional","A",7,"Shallow",90,2.123666667,27.71,NA,NA,"0_mM",NA,NA,0,0,"nmol_sulfate_hr-1_cm-3",0.001259689,96.5413352,"nmol_hr-1_cm-3",NA,"Y"
811,"Depressional","A",7,"Shallow",102,2.050666667,27.71,6.08,NA,"0_mM",NA,NA,0,0,"nmol_sulfate_hr-1_cm-3",0.0011088,82.05628101,"nmol_hr-1_cm-3",NA,"Y"
823,"Depressional","A",7,"Shallow",114,2.0785,27.71,NA,NA,"0_mM",NA,NA,0,0,"nmol_sulfate_hr-1_cm-3",0.001252608,93.9568848,"nmol_hr-1_cm-3",NA,"Y"
835,"Depressional","A",7,"Shallow",126,2.065166667,27.71,5.66,NA,"0_mM",NA,NA,0,0,"nmol_sulfate_hr-1_cm-3",0.001093836,81.52120878,"nmol_hr-1_cm-3",NA,"Y"
847,"Depressional","A",7,"Shallow",138,2.1075,27.71,NA,NA,"0_mM",NA,NA,0,0,"nmol_sulfate_hr-1_cm-3",0.001206899,91.79136248,"nmol_hr-1_cm-3",NA,"Y"
859,"Depressional","A",7,"Shallow",150,2.043166667,27.71,5.79,NA,"0_mM",NA,NA,0,0,"nmol_sulfate_hr-1_cm-3",0.001178079,86.86433976,"nmol_hr-1_cm-3",NA,"Y"
871,"Depressional","A",7,"Shallow",162,2.066166667,27.71,NA,NA,"0_mM",NA,NA,0,0,"nmol_sulfate_hr-1_cm-3",0.001212368,90.39893298,"nmol_hr-1_cm-3",NA,"Y"
883,"Depressional","A",7,"Shallow",174,2.2145,27.71,6.24,NA,"0_mM",NA,NA,0,0,"nmol_sulfate_hr-1_cm-3",0.001242273,99.27870799,"nmol_hr-1_cm-3",NA,"Y"
895,"Depressional","A",7,"Shallow",186,2.255,27.71,NA,NA,"0_mM",NA,NA,0,0,"nmol_sulfate_hr-1_cm-3",0.001257919,102.3676566,"nmol_hr-1_cm-3",NA,"Y"
907,"Depressional","A",7,"Shallow",198,2.159,27.71,6.24,NA,"0_mM",NA,NA,0,0,"nmol_sulfate_hr-1_cm-3",0.00139367,108.5865524,"nmol_hr-1_cm-3",NA,"Y"
919,"Depressional","A",7,"Shallow",210,2.240833333,27.71,NA,NA,"0_mM",NA,NA,0,0,"nmol_sulfate_hr-1_cm-3",0.001434988,116.0436681,"nmol_hr-1_cm-3",NA,"Y"
943,"Depressional","A",7,"Shallow",234,2.227833333,27.71,NA,NA,"0.05_mM",0.049228991,0.047813905,0.048521448,0.113770275,"nmol_sulfate_hr-1_cm-3",0.001378192,110.8041511,"nmol_hr-1_cm-3",NA,"Y"
1003,"Depressional","A",7,"Shallow",294,2.186333333,27.71,6.35,NA,"0.05_mM",0.049228991,0.045473157,0.047351074,0.296337237,"nmol_sulfate_hr-1_cm-3",0.001668849,131.6730126,"nmol_hr-1_cm-3",NA,"Y"
1027,"Depressional","A",7,"Shallow",318,2.568,27.71,5.99,NA,"0.05_mM",0.049228991,0.040601226,0.044915109,0.799570506,"nmol_sulfate_hr-1_cm-3",0.001663351,154.1496175,"nmol_hr-1_cm-3",NA,"Y"
1039,"Depressional","A",7,"Shallow",330,2.225,27.71,NA,NA,"0.05_mM",0.049228991,0.039619913,0.044424452,0.77156978,"nmol_sulfate_hr-1_cm-3",0.001689904,135.6924281,"nmol_hr-1_cm-3",NA,"Y"
1063,"Depressional","A",7,"Shallow",354,2.223166667,27.71,NA,NA,"0.15_mM",0.144203628,0.127535558,0.135869593,1.337275239,"nmol_sulfate_hr-1_cm-3",0.001874306,150.3750893,"nmol_hr-1_cm-3",NA,"Y"
1075,"Depressional","A",7,"Shallow",366,2.189166667,27.71,6.63,NA,"0.15_mM",0.144203628,0.135995231,0.140099429,0.648486018,"nmol_sulfate_hr-1_cm-3",0.001821301,143.8878513,"nmol_hr-1_cm-3",NA,"Y"
1087,"Depressional","A",7,"Shallow",378,2.212,27.71,NA,NA,"0.15_mM",0.144203628,0.134618888,0.139411258,0.765118875,"nmol_sulfate_hr-1_cm-3",0.001997786,159.476853,"nmol_hr-1_cm-3",NA,"Y"
1099,"Depressional","A",7,"Shallow",390,2.180333333,27.71,6.57,NA,"0.15_mM",0.144203628,0.138998162,0.141600895,0.409586785,"nmol_sulfate_hr-1_cm-3",0.00190885,150.1959566,"nmol_hr-1_cm-3",NA,"Y"
1111,"Depressional","A",7,"Shallow",402,2.213166667,27.71,NA,NA,"0.15_mM",0.144203628,0.13106542,0.137634524,1.049333943,"nmol_sulfate_hr-1_cm-3",0.002062675,164.7435258,"nmol_hr-1_cm-3",NA,"Y"
1123,"Depressional","A",7,"Shallow",414,2.072666667,27.71,6.66,NA,"0.15_mM",0.144203628,0.138547723,0.141375675,0.423053262,"nmol_sulfate_hr-1_cm-3",0.001988869,148.7644295,"nmol_hr-1_cm-3",NA,"Y"
1147,"Depressional","A",7,"Shallow",438,2.161833333,27.71,6.71,NA,"0.15_mM",0.144203628,0.115183524,0.129693576,2.264042838,"nmol_sulfate_hr-1_cm-3",0.00296308,231.1686833,"nmol_hr-1_cm-3",NA,"Y"
1159,"Depressional","A",7,"Shallow",450,2.211833333,27.71,NA,NA,"0.15_mM",0.144203628,0.132289988,0.138246808,0.95095579,"nmol_sulfate_hr-1_cm-3",0.002099342,167.5710408,"nmol_hr-1_cm-3",NA,"Y"
1171,"Depressional","A",7,"Shallow",462,2.164666667,27.71,6.502,248,"0.15_mM",0.144203628,0.134789563,0.139496595,0.735413655,"nmol_sulfate_hr-1_cm-3",0.002007129,156.7941531,"nmol_hr-1_cm-3",NA,"Y"
1183,"Depressional","A",7,"Shallow",474,2.198333333,27.71,NA,NA,"0.15_mM",0.144203628,0.133227329,0.138715478,0.870789028,"nmol_sulfate_hr-1_cm-3",0.001955871,155.1662298,"nmol_hr-1_cm-3",NA,"Y"
1207,"Depressional","A",7,"Shallow",498,2.204,27.71,NA,NA,"0.25_mM",0.24541486,0.226258373,0.235836616,1.523670073,"nmol_sulfate_hr-1_cm-3",0.001860883,148.0110396,"nmol_hr-1_cm-3",NA,"Y"
1219,"Depressional","A",7,"Shallow",510,2.096333333,27.71,6.314,274,"0.25_mM",0.24541486,0.226397466,0.235906163,1.4387151,"nmol_sulfate_hr-1_cm-3",0.001874932,141.84343,"nmol_hr-1_cm-3",NA,"Y"
1231,"Depressional","A",7,"Shallow",522,2.196,27.71,NA,NA,"0.25_mM",0.24541486,0.214625471,0.230020165,2.44003962,"nmol_sulfate_hr-1_cm-3",0.001909426,151.3208177,"nmol_hr-1_cm-3",NA,"Y"
1243,"Depressional","A",7,"Shallow",534,1.879166667,27.71,6.561,371,"0.25_mM",0.24541486,0.230562942,0.237988901,1.00718979,"nmol_sulfate_hr-1_cm-3",0.001897428,128.6749731,"nmol_hr-1_cm-3",NA,"Y"
1255,"Depressional","A",7,"Shallow",546,2.205166667,27.71,NA,NA,"0.25_mM",0.24541486,0.219644739,0.232529799,2.050790707,"nmol_sulfate_hr-1_cm-3",0.001710434,136.1166187,"nmol_hr-1_cm-3",NA,"Y"
1267,"Depressional","A",7,"Shallow",558,2.143833333,27.71,6.453,243,"0.25_mM",0.24541486,0.21338022,0.22939754,2.478416767,"nmol_sulfate_hr-1_cm-3",0.001572985,121.6967981,"nmol_hr-1_cm-3",NA,"Y"
1279,"Depressional","A",7,"Shallow",570,2.200166667,27.71,NA,NA,"0.25_mM",0.24541486,0.21359057,0.229502715,2.526840168,"nmol_sulfate_hr-1_cm-3",0.001597395,126.8327724,"nmol_hr-1_cm-3",NA,"Y"
1291,"Depressional","A",7,"Shallow",582,2.168666667,27.71,2.454,266,"0.25_mM",0.24541486,0.231342849,0.238378855,1.101317197,"nmol_sulfate_hr-1_cm-3",0.001602409,125.4092455,"nmol_hr-1_cm-3",NA,"Y"
1303,"Depressional","A",7,"Shallow",594,2.211666667,27.71,NA,NA,"0.25_mM",0.24541486,0.208519557,0.226967208,2.944789312,"nmol_sulfate_hr-1_cm-3",0.001605534,128.1452842,"nmol_hr-1_cm-3",NA,"Y"
1315,"Depressional","A",7,"Shallow",606,2.157,27.71,6.301,244,"0.25_mM",0.24541486,0.22884237,0.237128615,1.290034672,"nmol_sulfate_hr-1_cm-3",0.001599427,124.5024951,"nmol_hr-1_cm-3",NA,"Y"
1327,"Depressional","A",7,"Shallow",618,2.189333333,27.71,NA,NA,"0.25_mM",0.24541486,0.220269297,0.232842078,1.9867203,"nmol_sulfate_hr-1_cm-3",0.001694127,133.8508946,"nmol_hr-1_cm-3",NA,"Y"
1363,"Depressional","A",7,"Shallow",654,2.1195,27.71,6.388,293,"0.50_mM",0.494425398,0.452048454,0.473236926,3.241354436,"nmol_sulfate_hr-1_cm-3",0.002038808,155.9456241,"nmol_hr-1_cm-3",NA,"Y"
1375,"Depressional","A",7,"Shallow",666,2.172166667,27.71,NA,NA,"0.50_mM",0.494425398,0.456641172,0.475533285,2.961877852,"nmol_sulfate_hr-1_cm-3",0.001909083,149.6516255,"nmol_hr-1_cm-3",NA,"Y"
1387,"Depressional","A",7,"Shallow",678,2.135333333,27.71,6.271,317,"0.50_mM",0.494425398,0.466598543,0.48051197,2.144338159,"nmol_sulfate_hr-1_cm-3",0.001923868,148.2533076,"nmol_hr-1_cm-3",NA,"Y"
1399,"Depressional","A",7,"Shallow",690,2.1755,27.71,NA,NA,"0.50_mM",0.494425398,0.459530555,0.476977976,2.739578872,"nmol_sulfate_hr-1_cm-3",0.001859571,145.9940952,"nmol_hr-1_cm-3",NA,"Y"
1411,"Depressional","A",7,"Shallow",702,1.991333333,27.71,6.357,340,"0.50_mM",0.494425398,0.474733562,0.48457948,1.415121217,"nmol_sulfate_hr-1_cm-3",0.001941518,139.5239553,"nmol_hr-1_cm-3",NA,"Y"
1519,"Depressional","A",7,"Shallow",810,2.199,27.71,NA,NA,"0.75_mM",0.744660865,0.682091366,0.713376116,4.965367304,"nmol_sulfate_hr-1_cm-3",0.002464663,195.5897837,"nmol_hr-1_cm-3",NA,"Y"
1531,"Depressional","A",7,"Shallow",822,2.162666667,27.71,6.248,383,"0.75_mM",0.744660865,0.697323999,0.720992432,3.694473545,"nmol_sulfate_hr-1_cm-3",0.002838548,221.5385591,"nmol_hr-1_cm-3",NA,"Y"
1543,"Depressional","A",7,"Shallow",834,2.192,27.71,NA,NA,"0.75_mM",0.744660865,0.692848301,0.718754583,4.098633747,"nmol_sulfate_hr-1_cm-3",0.00288864,228.5059368,"nmol_hr-1_cm-3",NA,"Y"
1555,"Depressional","A",7,"Shallow",846,2.155666667,27.71,5.46,429,"0.75_mM",0.744660865,0.70469873,0.724679797,3.108807043,"nmol_sulfate_hr-1_cm-3",0.00293891,228.62899,"nmol_hr-1_cm-3",NA,"Y"
1567,"Depressional","A",7,"Shallow",858,2.195,27.71,NA,NA,"0.75_mM",0.744660865,0.695518462,0.720089663,3.892730975,"nmol_sulfate_hr-1_cm-3",0.002345181,185.7694976,"nmol_hr-1_cm-3",NA,"Y"
789,"Depressional","B",3,"Shallow",78,1.576833333,27.71,5.03,NA,"0_mM",NA,NA,0,0,"nmol_sulfate_hr-1_cm-3",0.000637601,36.28261137,"nmol_hr-1_cm-3",NA,"Y"
801,"Depressional","B",3,"Shallow",90,1.5815,27.71,NA,NA,"0_mM",NA,NA,0,0,"nmol_sulfate_hr-1_cm-3",0.000644886,36.80573501,"nmol_hr-1_cm-3",NA,"Y"
813,"Depressional","B",3,"Shallow",102,1.552666667,27.71,5.03,NA,"0_mM",NA,NA,0,0,"nmol_sulfate_hr-1_cm-3",0.000703367,39.41154666,"nmol_hr-1_cm-3",NA,"Y"
825,"Depressional","B",3,"Shallow",114,1.581333333,27.71,NA,NA,"0_mM",NA,NA,0,0,"nmol_sulfate_hr-1_cm-3",0.000601142,34.30551519,"nmol_hr-1_cm-3",NA,"Y"
837,"Depressional","B",3,"Shallow",126,1.601333333,27.71,5.05,NA,"0_mM",NA,NA,0,0,"nmol_sulfate_hr-1_cm-3",0.000710405,41.05357079,"nmol_hr-1_cm-3",NA,"Y"
849,"Depressional","B",3,"Shallow",138,1.620166667,27.71,NA,NA,"0_mM",NA,NA,0,0,"nmol_sulfate_hr-1_cm-3",0.000720236,42.11124161,"nmol_hr-1_cm-3",NA,"Y"
861,"Depressional","B",3,"Shallow",150,1.601333333,27.71,5.01,NA,"0_mM",NA,NA,0,0,"nmol_sulfate_hr-1_cm-3",0.00073354,42.39054742,"nmol_hr-1_cm-3",NA,"Y"
873,"Depressional","B",3,"Shallow",162,1.6165,27.71,NA,NA,"0_mM",NA,NA,0,0,"nmol_sulfate_hr-1_cm-3",0.000832037,48.5379699,"nmol_hr-1_cm-3",NA,"Y"
885,"Depressional","B",3,"Shallow",174,1.762666667,27.71,5.11,NA,"0_mM",NA,NA,0,0,"nmol_sulfate_hr-1_cm-3",0.000771457,49.07332485,"nmol_hr-1_cm-3",NA,"Y"
897,"Depressional","B",3,"Shallow",186,1.791666667,27.71,NA,NA,"0_mM",NA,NA,0,0,"nmol_sulfate_hr-1_cm-3",0.000784766,50.74119308,"nmol_hr-1_cm-3",NA,"Y"
909,"Depressional","B",3,"Shallow",198,1.761833333,27.71,5.12,NA,"0_mM",NA,NA,0,0,"nmol_sulfate_hr-1_cm-3",0.000742903,47.23458645,"nmol_hr-1_cm-3",NA,"Y"
921,"Depressional","B",3,"Shallow",210,1.797333333,27.71,NA,NA,"0_mM",NA,NA,0,0,"nmol_sulfate_hr-1_cm-3",0.000801929,52.01493207,"nmol_hr-1_cm-3",NA,"Y"
957,"Depressional","B",3,"Shallow",246,1.75,27.71,5.22,NA,"0.05_mM",0.048518834,0.046904079,0.047711456,0.101978368,"nmol_sulfate_hr-1_cm-3",0.000870618,54.98307146,"nmol_hr-1_cm-3",NA,"Y"
969,"Depressional","B",3,"Shallow",258,1.787833333,27.71,NA,NA,"0.05_mM",0.048518834,0.046651349,0.047585092,0.12048901,"nmol_sulfate_hr-1_cm-3",0.000947994,61.1640442,"nmol_hr-1_cm-3",NA,"Y"
981,"Depressional","B",3,"Shallow",270,1.755833333,27.71,5.18,NA,"0.05_mM",0.048518834,0.045817342,0.047168088,0.171178969,"nmol_sulfate_hr-1_cm-3",0.000909945,57.65829268,"nmol_hr-1_cm-3",NA,"Y"
993,"Depressional","B",3,"Shallow",282,1.763333333,27.71,NA,NA,"0.05_mM",0.048518834,0.046449166,0.047484,0.131703871,"nmol_sulfate_hr-1_cm-3",0.00109864,69.91223383,"nmol_hr-1_cm-3",NA,"Y"
1005,"Depressional","B",3,"Shallow",294,1.7505,27.71,5.01,NA,"0.05_mM",0.048518834,0.042591235,0.045555034,0.37445909,"nmol_sulfate_hr-1_cm-3",0.001147438,72.48610113,"nmol_hr-1_cm-3",NA,"Y"
1029,"Depressional","B",3,"Shallow",318,1.761833333,27.71,4.92,NA,"0.05_mM",0.048518834,0.04117995,0.044849392,0.466614575,"nmol_sulfate_hr-1_cm-3",0.001344713,85.49841324,"nmol_hr-1_cm-3",NA,"Y"
1041,"Depressional","B",3,"Shallow",330,1.765333333,27.71,NA,NA,"0.05_mM",0.048518834,0.036575324,0.042547079,0.760890496,"nmol_sulfate_hr-1_cm-3",0.001542387,98.26152943,"nmol_hr-1_cm-3",NA,"Y"
1077,"Depressional","B",3,"Shallow",366,1.756333333,27.71,5.06,NA,"0.15_mM",0.144457045,0.131265615,0.13786133,0.836107834,"nmol_sulfate_hr-1_cm-3",0.001226211,77.72053565,"nmol_hr-1_cm-3",NA,"Y"
1089,"Depressional","B",3,"Shallow",378,1.768833333,27.71,NA,NA,"0.15_mM",0.144457045,0.126310779,0.135383912,1.158344276,"nmol_sulfate_hr-1_cm-3",0.001252465,79.9495699,"nmol_hr-1_cm-3",NA,"Y"
1101,"Depressional","B",3,"Shallow",390,1.742833333,27.71,5.02,NA,"0.15_mM",0.144457045,0.136145378,0.140301212,0.522766177,"nmol_sulfate_hr-1_cm-3",0.001351237,84.9866508,"nmol_hr-1_cm-3",NA,"Y"
1113,"Depressional","B",3,"Shallow",402,1.770166667,27.71,NA,NA,"0.15_mM",0.144457045,0.134869132,0.139663089,0.612493821,"nmol_sulfate_hr-1_cm-3",0.001306864,83.48492473,"nmol_hr-1_cm-3",NA,"Y"
1125,"Depressional","B",3,"Shallow",414,1.752166667,27.71,5.02,NA,"0.15_mM",0.144457045,0.136245476,0.14035126,0.519236322,"nmol_sulfate_hr-1_cm-3",0.001393518,88.11532847,"nmol_hr-1_cm-3",NA,"Y"
1137,"Depressional","B",3,"Shallow",426,1.775333333,27.71,NA,NA,"0.15_mM",0.144457045,0.134093375,0.13927521,0.663982997,"nmol_sulfate_hr-1_cm-3",0.001425699,91.34215647,"nmol_hr-1_cm-3",NA,"Y"
1149,"Depressional","B",3,"Shallow",438,1.755333333,27.71,4.95,NA,"0.15_mM",0.144457045,0.132706584,0.138581815,0.744351363,"nmol_sulfate_hr-1_cm-3",0.00133603,84.63288913,"nmol_hr-1_cm-3",NA,"Y"
1161,"Depressional","B",3,"Shallow",450,1.760833333,27.71,NA,NA,"0.15_mM",0.144457045,0.132185839,0.138321442,0.779774394,"nmol_sulfate_hr-1_cm-3",0.001286508,81.75123324,"nmol_hr-1_cm-3",NA,"Y"
1185,"Depressional","B",3,"Shallow",474,1.7575,27.71,NA,NA,"0.15_mM",0.144457045,0.131821318,0.138139182,0.801417923,"nmol_sulfate_hr-1_cm-3",0.001475085,93.55689794,"nmol_hr-1_cm-3",NA,"Y"
1209,"Depressional","B",3,"Shallow",498,1.752666667,27.71,NA,NA,"0.25_mM",0.24799034,0.197487227,0.222738783,3.194338584,"nmol_sulfate_hr-1_cm-3",0.001443104,91.27682748,"nmol_hr-1_cm-3",NA,"Y"
1221,"Depressional","B",3,"Shallow",510,1.722833333,27.71,4.882,250,"0.25_mM",0.24799034,0.203629651,0.225809995,2.758068322,"nmol_sulfate_hr-1_cm-3",0.001601974,99.60065102,"nmol_hr-1_cm-3",NA,"Y"
1233,"Depressional","B",3,"Shallow",522,1.754333333,27.71,NA,NA,"0.25_mM",0.24799034,0.217135105,0.232562722,1.953459629,"nmol_sulfate_hr-1_cm-3",0.001463995,92.68624331,"nmol_hr-1_cm-3",NA,"Y"
1245,"Depressional","B",3,"Shallow",534,1.721166667,27.71,4.945,294,"0.25_mM",0.24799034,0.211494896,0.229742618,2.266861802,"nmol_sulfate_hr-1_cm-3",0.001374176,85.35495177,"nmol_hr-1_cm-3",NA,"Y"
1257,"Depressional","B",3,"Shallow",546,1.758833333,27.71,NA,NA,"0.25_mM",0.24799034,0.215324029,0.231657184,2.073424617,"nmol_sulfate_hr-1_cm-3",0.00133245,84.57445906,"nmol_hr-1_cm-3",NA,"Y"
1269,"Depressional","B",3,"Shallow",558,1.738333333,27.71,4.949,246,"0.25_mM",0.24799034,0.19581615,0.221903245,3.273046986,"nmol_sulfate_hr-1_cm-3",0.001317908,82.67640598,"nmol_hr-1_cm-3",NA,"Y"
1281,"Depressional","B",3,"Shallow",570,1.761333333,27.71,NA,NA,"0.25_mM",0.24799034,0.203914249,0.225952294,2.801612714,"nmol_sulfate_hr-1_cm-3",0.001304122,82.89399787,"nmol_hr-1_cm-3",NA,"Y"
1293,"Depressional","B",3,"Shallow",582,1.754,27.71,4.923,252,"0.25_mM",0.24799034,0.206423883,0.227207111,2.631092213,"nmol_sulfate_hr-1_cm-3",0.00135271,85.62443492,"nmol_hr-1_cm-3",NA,"Y"
1305,"Depressional","B",3,"Shallow",594,1.754666667,27.71,NA,NA,"0.25_mM",0.24799034,0.219452813,0.233721576,1.807067695,"nmol_sulfate_hr-1_cm-3",0.001336832,84.65155481,"nmol_hr-1_cm-3",NA,"Y"
1329,"Depressional","B",3,"Shallow",618,1.724833333,27.71,NA,NA,"0.25_mM",0.24799034,0.22894443,0.238467385,1.185529388,"nmol_sulfate_hr-1_cm-3",0.001479483,92.09171787,"nmol_hr-1_cm-3",NA,"Y"
1365,"Depressional","B",3,"Shallow",654,1.716333333,27.71,4.906,207,"0.50_mM",0.493725441,0.438601997,0.466163719,3.414298267,"nmol_sulfate_hr-1_cm-3",0.001907575,118.1535147,"nmol_hr-1_cm-3",NA,"Y"
1377,"Depressional","B",3,"Shallow",666,1.735,27.71,NA,NA,"0.50_mM",0.493725441,0.455161296,0.474443369,2.414608154,"nmol_sulfate_hr-1_cm-3",0.001910591,119.627434,"nmol_hr-1_cm-3",NA,"Y"
1389,"Depressional","B",3,"Shallow",678,1.705833333,27.71,4.906,312,"0.50_mM",0.493725441,0.466391422,0.480058432,1.682687874,"nmol_sulfate_hr-1_cm-3",0.001862602,114.6621343,"nmol_hr-1_cm-3",NA,"Y"
1401,"Depressional","B",3,"Shallow",690,1.747833333,27.71,NA,NA,"0.50_mM",0.493725441,0.462197232,0.477961337,1.988670379,"nmol_sulfate_hr-1_cm-3",0.001852582,116.8532893,"nmol_hr-1_cm-3",NA,"Y"
1413,"Depressional","B",3,"Shallow",702,1.702666667,27.71,4.868,302,"0.50_mM",0.493725441,0.469653182,0.481689312,1.479142332,"nmol_sulfate_hr-1_cm-3",0.001921107,118.0442118,"nmol_hr-1_cm-3",NA,"Y"
1425,"Depressional","B",3,"Shallow",714,1.748333333,27.71,NA,NA,"0.50_mM",0.493725441,0.460178273,0.476951857,2.116623325,"nmol_sulfate_hr-1_cm-3",0.001853072,116.9176418,"nmol_hr-1_cm-3",NA,"Y"
1437,"Depressional","B",3,"Shallow",726,1.746,27.71,4.3659,296,"0.50_mM",0.493725441,0.455809147,0.474767294,2.389096026,"nmol_sulfate_hr-1_cm-3",0.002179177,137.3093558,"nmol_hr-1_cm-3",NA,"Y"
1449,"Depressional","B",3,"Shallow",738,1.775333333,27.71,NA,NA,"0.50_mM",0.493725441,0.447350314,0.470537878,2.971176818,"nmol_sulfate_hr-1_cm-3",0.001839121,117.8294008,"nmol_hr-1_cm-3",NA,"Y"
1485,"Depressional","B",3,"Shallow",774,1.714666667,27.71,4.835,334,"0.75_mM",0.747834571,0.681506474,0.714670522,4.104315304,"nmol_sulfate_hr-1_cm-3",0.001878111,116.2155988,"nmol_hr-1_cm-3",NA,"Y"
1509,"Depressional","B",3,"Shallow",798,1.734166667,27.71,4.827,343,"0.75_mM",0.747834571,0.701672547,0.724753559,2.888944161,"nmol_sulfate_hr-1_cm-3",0.002033432,127.2576463,"nmol_hr-1_cm-3",NA,"Y"
1521,"Depressional","B",3,"Shallow",810,1.74,27.71,NA,NA,"0.75_mM",0.747834571,0.710623944,0.729229258,2.336574896,"nmol_sulfate_hr-1_cm-3",0.002240485,140.6872411,"nmol_hr-1_cm-3",NA,"Y"
1533,"Depressional","B",3,"Shallow",822,1.726833333,27.71,4.823,376,"0.75_mM",0.747834571,0.694526688,0.721180629,3.322043654,"nmol_sulfate_hr-1_cm-3",0.002381826,148.4307509,"nmol_hr-1_cm-3",NA,"Y"
1569,"Depressional","B",3,"Shallow",858,1.761333333,27.71,NA,NA,"0.75_mM",0.747834571,0.67812427,0.71297942,4.431002414,"nmol_sulfate_hr-1_cm-3",0.003003445,190.9082705,"nmol_hr-1_cm-3",NA,"Y"
